index,date,language,method,GridSize,epsilon,dt,tol,t_iter,solver_iter,dt_out,print,boundary,pathname,elapsed_time(s),mem_allocated(Gb),SLURM_ID,IC_percent_+1,comp
372,07/01/2025 15:07:00,Julia,NMG,64,0.0300187398257242,5.5e-06,1e-05,2000,10000.0,2000,False,neumann,/project/g_bme-janeslab/SarahG/spinodal_decomp_06_2025/out_julia/NMG_Julia_2000_dt_5.50e-06_Nx_64_neumann_dtout_200025p_,25.062285848,14314.632296,684313_1,25p,rivanna
265,06/23/2025 12:24:08,Julia,NMG,64,0.0300187398257242,5.5e-06,1e-05,2000,10000.0,2000,False,neumann,/project/g_bme-janeslab/SarahG/spinodal_decomp_06_2025/out_julia/NMG_Julia_2000_dt_5.50e-06_Nx_64_neumann_dtout_200050p_,16.334874304,15393.607224,395375_38,50p,rivanna
244,06/23/2025 12:14:30,Julia,NMG,64,0.0300187398257242,5.5e-06,1e-05,2000,10000.0,2000,False,neumann,/project/g_bme-janeslab/SarahG/spinodal_decomp_06_2025/out_julia/NMG_Julia_2000_dt_5.50e-06_Nx_64_neumann_dtout_200075p_,26.497566451,14275.59076,395375_6,75p,rivanna
337,06/23/2025 15:53:35,Julia,NMG,64,0.0300187398257242,5.5e-06,1e-05,2000,10000.0,2000,False,periodic,/project/g_bme-janeslab/SarahG/spinodal_decomp_06_2025/out_julia/NMG_Julia_2000_dt_5.50e-06_Nx_64_periodic_dtout_200025p_,23.019438957,14354.278104,403752_69,25p,rivanna
326,06/23/2025 15:44:05,Julia,NMG,64,0.0300187398257242,5.5e-06,1e-05,2000,10000.0,2000,False,periodic,/project/g_bme-janeslab/SarahG/spinodal_decomp_06_2025/out_julia/NMG_Julia_2000_dt_5.50e-06_Nx_64_periodic_dtout_200050p_,16.414331864,15717.483208,403752_37,50p,rivanna
315,06/23/2025 15:37:24,Julia,NMG,64,0.0300187398257242,5.5e-06,1e-05,2000,10000.0,2000,False,periodic,/project/g_bme-janeslab/SarahG/spinodal_decomp_06_2025/out_julia/NMG_Julia_2000_dt_5.50e-06_Nx_64_periodic_dtout_200075p_,23.908420574,14313.406824,403752_5,75p,rivanna
283,06/23/2025 12:24:42,Julia,NMG,128,0.0150093699128621,5.5e-06,1e-05,2000,10000.0,2000,False,neumann,/project/g_bme-janeslab/SarahG/spinodal_decomp_06_2025/out_julia/NMG_Julia_2000_dt_5.50e-06_Nx_128_neumann_dtout_200025p_,156.592790828,163832.135784,395375_78,25p,rivanna
280,06/23/2025 12:24:08,Julia,NMG,128,0.0150093699128621,5.5e-06,1e-05,2000,10000.0,2000,False,neumann,/project/g_bme-janeslab/SarahG/spinodal_decomp_06_2025/out_julia/NMG_Julia_2000_dt_5.50e-06_Nx_128_neumann_dtout_200050p_,159.661244019,170485.409432,395375_46,50p,rivanna
256,06/23/2025 12:17:10,Julia,NMG,128,0.0150093699128621,5.5e-06,1e-05,2000,10000.0,2000,False,neumann,/project/g_bme-janeslab/SarahG/spinodal_decomp_06_2025/out_julia/NMG_Julia_2000_dt_5.50e-06_Nx_128_neumann_dtout_200075p_,256.013800064,162425.195544,395375_14,75p,rivanna
344,06/23/2025 15:55:19,Julia,NMG,128,0.0150093699128621,5.5e-06,1e-05,2000,10000.0,2000,False,periodic,/project/g_bme-janeslab/SarahG/spinodal_decomp_06_2025/out_julia/NMG_Julia_2000_dt_5.50e-06_Nx_128_periodic_dtout_200025p_,286.061475781,164795.01564,403752_77,25p,rivanna
333,06/23/2025 15:46:12,Julia,NMG,128,0.0150093699128621,5.5e-06,1e-05,2000,10000.0,2000,False,periodic,/project/g_bme-janeslab/SarahG/spinodal_decomp_06_2025/out_julia/NMG_Julia_2000_dt_5.50e-06_Nx_128_periodic_dtout_200050p_,262.959364014,170140.317096,403752_45,50p,rivanna
322,06/23/2025 15:39:25,Julia,NMG,128,0.0150093699128621,5.5e-06,1e-05,2000,10000.0,2000,False,periodic,/project/g_bme-janeslab/SarahG/spinodal_decomp_06_2025/out_julia/NMG_Julia_2000_dt_5.50e-06_Nx_128_periodic_dtout_200075p_,263.902168929,163890.027336,403752_13,75p,rivanna
301,06/23/2025 12:24:42,Julia,NMG,256,0.007504684956431,5.5e-06,1e-05,2000,10000.0,2000,False,neumann,/project/g_bme-janeslab/SarahG/spinodal_decomp_06_2025/out_julia/NMG_Julia_2000_dt_5.50e-06_Nx_256_neumann_dtout_200025p_,1491.699566028,1523575.567656,395375_86,25p,rivanna
295,06/23/2025 12:24:08,Julia,NMG,256,0.007504684956431,5.5e-06,1e-05,2000,10000.0,2000,False,neumann,/project/g_bme-janeslab/SarahG/spinodal_decomp_06_2025/out_julia/NMG_Julia_2000_dt_5.50e-06_Nx_256_neumann_dtout_200050p_,1424.033917528,1469069.500072,395375_54,50p,rivanna
293,06/23/2025 12:20:13,Julia,NMG,256,0.007504684956431,5.5e-06,1e-05,2000,10000.0,2000,False,neumann,/project/g_bme-janeslab/SarahG/spinodal_decomp_06_2025/out_julia/NMG_Julia_2000_dt_5.50e-06_Nx_256_neumann_dtout_200075p_,1459.925304818,1499036.182024,395375_22,75p,rivanna
353,06/23/2025 15:57:12,Julia,NMG,256,0.007504684956431,5.5e-06,1e-05,2000,10000.0,2000,False,periodic,/project/g_bme-janeslab/SarahG/spinodal_decomp_06_2025/out_julia/NMG_Julia_2000_dt_5.50e-06_Nx_256_periodic_dtout_200025p_,3063.776784655,1531360.775576,403752_85,25p,rivanna
351,06/23/2025 15:48:35,Julia,NMG,256,0.007504684956431,5.5e-06,1e-05,2000,10000.0,2000,False,periodic,/project/g_bme-janeslab/SarahG/spinodal_decomp_06_2025/out_julia/NMG_Julia_2000_dt_5.50e-06_Nx_256_periodic_dtout_200050p_,2893.831212445,1476354.29852,403752_53,50p,rivanna
349,06/23/2025 15:41:05,Julia,NMG,256,0.007504684956431,5.5e-06,1e-05,2000,10000.0,2000,False,periodic,/project/g_bme-janeslab/SarahG/spinodal_decomp_06_2025/out_julia/NMG_Julia_2000_dt_5.50e-06_Nx_256_periodic_dtout_200075p_,2788.58959082,1517570.557704,403752_21,75p,rivanna
312,06/23/2025 12:24:43,Julia,NMG,512,0.0037523424782155,5.5e-06,1e-05,2000,10000.0,2000,False,neumann,/project/g_bme-janeslab/SarahG/spinodal_decomp_06_2025/out_julia/NMG_Julia_2000_dt_5.50e-06_Nx_512_neumann_dtout_200025p_,10045.689966189,8863013.94988,395375_94,25p,rivanna
308,06/23/2025 12:24:07,Julia,NMG,512,0.0037523424782155,5.5e-06,1e-05,2000,10000.0,2000,False,neumann,/project/g_bme-janeslab/SarahG/spinodal_decomp_06_2025/out_julia/NMG_Julia_2000_dt_5.50e-06_Nx_512_neumann_dtout_200050p_,9068.854240499,8351378.6682,395375_62,50p,rivanna
378,07/01/2025 15:10:06,Julia,NMG,512,0.0037523424782155,5.5e-06,1e-05,2000,10000.0,2000,False,neumann,/project/g_bme-janeslab/SarahG/spinodal_decomp_06_2025/out_julia/NMG_Julia_2000_dt_5.50e-06_Nx_512_neumann_dtout_200075p_,24957.033795159,8902281.355624,684313_3,75p,rivanna
354,06/23/2025 15:59:09,Julia,NMG,512,0.0037523424782155,5.5e-06,1e-05,2000,10000.0,2000,False,periodic,/project/g_bme-janeslab/SarahG/spinodal_decomp_06_2025/out_julia/NMG_Julia_2000_dt_5.50e-06_Nx_512_periodic_dtout_200025p_,9661.684848628,8891666.757064,403752_93,25p,rivanna
358,06/23/2025 15:51:16,Julia,NMG,512,0.0037523424782155,5.5e-06,1e-05,2000,10000.0,2000,False,periodic,/project/g_bme-janeslab/SarahG/spinodal_decomp_06_2025/out_julia/NMG_Julia_2000_dt_5.50e-06_Nx_512_periodic_dtout_200050p_,23846.562542521,8243190.283416,403752_61,50p,rivanna
359,06/23/2025 15:41:16,Julia,NMG,512,0.0037523424782155,5.5e-06,1e-05,2000,10000.0,2000,False,periodic,/project/g_bme-janeslab/SarahG/spinodal_decomp_06_2025/out_julia/NMG_Julia_2000_dt_5.50e-06_Nx_512_periodic_dtout_200075p_,24862.766429935,8924895.92052,403752_29,75p,rivanna
146,23-Jun-2025 12:33:17,MATLAB,NMG,64,0.030019,5.5e-06,1e-05,2000,10000.0,2000,False,neumann,/project/g_bme-janeslab/SarahG/spinodal_decomp_06_2025/out_MATLAB/NMG_MATLAB_2000_dt_5.50e-06_Nx_64_neumann_n_relax_425p_,84.2671,,396049_70,25p,rivanna
118,23-Jun-2025 12:29:11,MATLAB,NMG,64,0.030019,5.5e-06,1e-05,2000,10000.0,2000,False,neumann,/project/g_bme-janeslab/SarahG/spinodal_decomp_06_2025/out_MATLAB/NMG_MATLAB_2000_dt_5.50e-06_Nx_64_neumann_n_relax_450p_,48.2034,,396049_38,50p,rivanna
102,23-Jun-2025 12:26:28,MATLAB,NMG,64,0.030019,5.5e-06,1e-05,2000,10000.0,2000,False,neumann,/project/g_bme-janeslab/SarahG/spinodal_decomp_06_2025/out_MATLAB/NMG_MATLAB_2000_dt_5.50e-06_Nx_64_neumann_n_relax_475p_,49.0651,,396049_6,75p,rivanna
210,23-Jun-2025 15:28:51,MATLAB,NMG,64,0.030019,5.5e-06,1e-05,2000,10000.0,2000,False,periodic,/project/g_bme-janeslab/SarahG/spinodal_decomp_06_2025/out_MATLAB/NMG_MATLAB_2000_dt_5.50e-06_Nx_64_periodic_n_relax_425p_,85.0246,,403170_69,25p,rivanna
200,23-Jun-2025 15:26:19,MATLAB,NMG,64,0.030019,5.5e-06,1e-05,2000,10000.0,2000,False,periodic,/project/g_bme-janeslab/SarahG/spinodal_decomp_06_2025/out_MATLAB/NMG_MATLAB_2000_dt_5.50e-06_Nx_64_periodic_n_relax_450p_,79.9252,,403170_37,50p,rivanna
196,23-Jun-2025 15:25:40,MATLAB,NMG,64,0.030019,5.5e-06,1e-05,2000,10000.0,2000,False,periodic,/project/g_bme-janeslab/SarahG/spinodal_decomp_06_2025/out_MATLAB/NMG_MATLAB_2000_dt_5.50e-06_Nx_64_periodic_n_relax_475p_,80.1096,,403170_5,75p,rivanna
164,23-Jun-2025 12:41:23,MATLAB,NMG,128,0.015009,5.5e-06,1e-05,2000,10000.0,2000,False,neumann,/project/g_bme-janeslab/SarahG/spinodal_decomp_06_2025/out_MATLAB/NMG_MATLAB_2000_dt_5.50e-06_Nx_128_neumann_n_relax_425p_,396.0804,,396049_78,25p,rivanna
144,23-Jun-2025 12:32:47,MATLAB,NMG,128,0.015009,5.5e-06,1e-05,2000,10000.0,2000,False,neumann,/project/g_bme-janeslab/SarahG/spinodal_decomp_06_2025/out_MATLAB/NMG_MATLAB_2000_dt_5.50e-06_Nx_128_neumann_n_relax_450p_,263.2739,,396049_46,50p,rivanna
131,23-Jun-2025 12:30:04,MATLAB,NMG,128,0.015009,5.5e-06,1e-05,2000,10000.0,2000,False,neumann,/project/g_bme-janeslab/SarahG/spinodal_decomp_06_2025/out_MATLAB/NMG_MATLAB_2000_dt_5.50e-06_Nx_128_neumann_n_relax_475p_,243.6268,,396049_14,75p,rivanna
223,23-Jun-2025 15:35:09,MATLAB,NMG,128,0.015009,5.5e-06,1e-05,2000,10000.0,2000,False,periodic,/project/g_bme-janeslab/SarahG/spinodal_decomp_06_2025/out_MATLAB/NMG_MATLAB_2000_dt_5.50e-06_Nx_128_periodic_n_relax_425p_,417.6459,,403170_77,25p,rivanna
221,23-Jun-2025 15:33:10,MATLAB,NMG,128,0.015009,5.5e-06,1e-05,2000,10000.0,2000,False,periodic,/project/g_bme-janeslab/SarahG/spinodal_decomp_06_2025/out_MATLAB/NMG_MATLAB_2000_dt_5.50e-06_Nx_128_periodic_n_relax_450p_,435.1856,,403170_45,50p,rivanna
218,23-Jun-2025 15:30:51,MATLAB,NMG,128,0.015009,5.5e-06,1e-05,2000,10000.0,2000,False,periodic,/project/g_bme-janeslab/SarahG/spinodal_decomp_06_2025/out_MATLAB/NMG_MATLAB_2000_dt_5.50e-06_Nx_128_periodic_n_relax_475p_,388.6425,,403170_13,75p,rivanna
178,23-Jun-2025 13:05:41,MATLAB,NMG,256,0.0075047,5.5e-06,1e-05,2000,10000.0,2000,False,neumann,/project/g_bme-janeslab/SarahG/spinodal_decomp_06_2025/out_MATLAB/NMG_MATLAB_2000_dt_5.50e-06_Nx_256_neumann_n_relax_425p_,1706.6299,,396049_86,25p,rivanna
171,23-Jun-2025 12:45:39,MATLAB,NMG,256,0.0075047,5.5e-06,1e-05,2000,10000.0,2000,False,neumann,/project/g_bme-janeslab/SarahG/spinodal_decomp_06_2025/out_MATLAB/NMG_MATLAB_2000_dt_5.50e-06_Nx_256_neumann_n_relax_450p_,1034.6383,,396049_54,50p,rivanna
166,23-Jun-2025 12:42:50,MATLAB,NMG,256,0.0075047,5.5e-06,1e-05,2000,10000.0,2000,False,neumann,/project/g_bme-janeslab/SarahG/spinodal_decomp_06_2025/out_MATLAB/NMG_MATLAB_2000_dt_5.50e-06_Nx_256_neumann_n_relax_475p_,1016.8808,,396049_22,75p,rivanna
230,23-Jun-2025 15:54:51,MATLAB,NMG,256,0.0075047,5.5e-06,1e-05,2000,10000.0,2000,False,periodic,/project/g_bme-janeslab/SarahG/spinodal_decomp_06_2025/out_MATLAB/NMG_MATLAB_2000_dt_5.50e-06_Nx_256_periodic_n_relax_425p_,1568.9036,,403170_85,25p,rivanna
229,23-Jun-2025 15:51:45,MATLAB,NMG,256,0.0075047,5.5e-06,1e-05,2000,10000.0,2000,False,periodic,/project/g_bme-janeslab/SarahG/spinodal_decomp_06_2025/out_MATLAB/NMG_MATLAB_2000_dt_5.50e-06_Nx_256_periodic_n_relax_450p_,1551.3206,,403170_53,50p,rivanna
228,23-Jun-2025 15:48:56,MATLAB,NMG,256,0.0075047,5.5e-06,1e-05,2000,10000.0,2000,False,periodic,/project/g_bme-janeslab/SarahG/spinodal_decomp_06_2025/out_MATLAB/NMG_MATLAB_2000_dt_5.50e-06_Nx_256_periodic_n_relax_475p_,1474.1927,,403170_21,75p,rivanna
185,23-Jun-2025 13:48:10,MATLAB,NMG,512,0.0037523,5.5e-06,1e-05,2000,10000.0,2000,False,neumann,/project/g_bme-janeslab/SarahG/spinodal_decomp_06_2025/out_MATLAB/NMG_MATLAB_2000_dt_5.50e-06_Nx_512_neumann_n_relax_425p_,4057.7157,,396049_94,25p,rivanna
182,23-Jun-2025 13:36:22,MATLAB,NMG,512,0.0037523,5.5e-06,1e-05,2000,10000.0,2000,False,neumann,/project/g_bme-janeslab/SarahG/spinodal_decomp_06_2025/out_MATLAB/NMG_MATLAB_2000_dt_5.50e-06_Nx_512_neumann_n_relax_450p_,4078.9002,,396049_62,50p,rivanna
189,23-Jun-2025 14:19:09,MATLAB,NMG,512,0.0037523,5.5e-06,1e-05,2000,10000.0,2000,False,neumann,/project/g_bme-janeslab/SarahG/spinodal_decomp_06_2025/out_MATLAB/NMG_MATLAB_2000_dt_5.50e-06_Nx_512_neumann_n_relax_475p_,6709.077,,396049_30,75p,rivanna
236,23-Jun-2025 17:19:19,MATLAB,NMG,512,0.0037523,5.5e-06,1e-05,2000,10000.0,2000,False,periodic,/project/g_bme-janeslab/SarahG/spinodal_decomp_06_2025/out_MATLAB/NMG_MATLAB_2000_dt_5.50e-06_Nx_512_periodic_n_relax_425p_,6545.7582,,403170_93,25p,rivanna
235,23-Jun-2025 17:17:26,MATLAB,NMG,512,0.0037523,5.5e-06,1e-05,2000,10000.0,2000,False,periodic,/project/g_bme-janeslab/SarahG/spinodal_decomp_06_2025/out_MATLAB/NMG_MATLAB_2000_dt_5.50e-06_Nx_512_periodic_n_relax_450p_,6589.109,,403170_61,50p,rivanna
234,23-Jun-2025 17:11:04,MATLAB,NMG,512,0.0037523,5.5e-06,1e-05,2000,10000.0,2000,False,periodic,/project/g_bme-janeslab/SarahG/spinodal_decomp_06_2025/out_MATLAB/NMG_MATLAB_2000_dt_5.50e-06_Nx_512_periodic_n_relax_475p_,6366.8191,,403170_29,75p,rivanna
384,06/27/2025 14:34:47,Python,NMG,64,0.0300187398257242,5.5e-06,1e-05,2000,10000.0,20,False,neumann,/project/g_bme-janeslab/SarahG/spinodal_decomp_06_2025//NMG_Python_20_dt_5.50e-06_Nx_64_neumann_dtout_2025p,39213.0,4.203244209289551,586701_70,25p,rivanna_extrap
380,06/27/2025 14:34:13,Python,NMG,64,0.0300187398257242,5.5e-06,1e-05,2000,10000.0,20,False,neumann,/project/g_bme-janeslab/SarahG/spinodal_decomp_06_2025//NMG_Python_20_dt_5.50e-06_Nx_64_neumann_dtout_2050p,40941.0,4.2022857666015625,586701_38,50p,rivanna_extrap
388,06/27/2025 14:29:10,Python,NMG,64,0.0300187398257242,5.5e-06,1e-05,2000,10000.0,20,False,neumann,/project/g_bme-janeslab/SarahG/spinodal_decomp_06_2025//NMG_Python_20_dt_5.50e-06_Nx_64_neumann_dtout_2075p,76952.0,4.202221870422363,586701_6,75p,rivanna_extrap
386,06/27/2025 14:34:47,Python,NMG,64,0.0300187398257242,5.5e-06,1e-05,2000,10000.0,20,False,periodic,/project/g_bme-janeslab/SarahG/spinodal_decomp_06_2025//NMG_Python_20_dt_5.50e-06_Nx_64_periodic_dtout_2025p,40211.0,4.203055381774902,586701_69,25p,rivanna_extrap
382,06/27/2025 14:34:13,Python,NMG,64,0.0300187398257242,5.5e-06,1e-05,2000,10000.0,20,False,periodic,/project/g_bme-janeslab/SarahG/spinodal_decomp_06_2025//NMG_Python_20_dt_5.50e-06_Nx_64_periodic_dtout_2050p,42360.0,4.20241641998291,586701_37,50p,rivanna_extrap
389,06/27/2025 14:29:10,Python,NMG,64,0.0300187398257242,5.5e-06,1e-05,2000,10000.0,20,False,periodic,/project/g_bme-janeslab/SarahG/spinodal_decomp_06_2025//NMG_Python_20_dt_5.50e-06_Nx_64_periodic_dtout_2075p,81135.0,4.201074600219727,586701_5,75p,rivanna_extrap
394,06/27/2025 14:36:08,Python,NMG,128,0.0150093699128621,5.5e-06,1e-05,2000,10000.0,20,False,neumann,/project/g_bme-janeslab/SarahG/spinodal_decomp_06_2025//NMG_Python_20_dt_5.50e-06_Nx_128_neumann_dtout_2025p,170588.0,4.765356063842773,586701_78,25p,rivanna_extrap
392,06/27/2025 14:34:13,Python,NMG,128,0.0150093699128621,5.5e-06,1e-05,2000,10000.0,20,False,neumann,/project/g_bme-janeslab/SarahG/spinodal_decomp_06_2025//NMG_Python_20_dt_5.50e-06_Nx_128_neumann_dtout_2050p,180887.0,4.765931129455566,586701_46,50p,rivanna_extrap
403,06/27/2025 14:32:56,Python,NMG,128,0.0150093699128621,5.5e-06,1e-05,2000,10000.0,20,False,neumann,/project/g_bme-janeslab/SarahG/spinodal_decomp_06_2025//NMG_Python_20_dt_5.50e-06_Nx_128_neumann_dtout_2075p,384704.0,4.763822555541992,586701_14,75p,rivanna_extrap
398,06/27/2025 14:36:08,Python,NMG,128,0.0150093699128621,5.5e-06,1e-05,2000,10000.0,20,False,periodic,/project/g_bme-janeslab/SarahG/spinodal_decomp_06_2025//NMG_Python_20_dt_5.50e-06_Nx_128_periodic_dtout_2025p,185631.0,4.765806198120117,586701_77,25p,rivanna_extrap
395,06/27/2025 14:34:13,Python,NMG,128,0.0150093699128621,5.5e-06,1e-05,2000,10000.0,20,False,periodic,/project/g_bme-janeslab/SarahG/spinodal_decomp_06_2025//NMG_Python_20_dt_5.50e-06_Nx_128_periodic_dtout_2050p,182431.0,4.758330345153809,586701_45,50p,rivanna_extrap
401,06/27/2025 14:32:57,Python,NMG,128,0.0150093699128621,5.5e-06,1e-05,2000,10000.0,20,False,periodic,/project/g_bme-janeslab/SarahG/spinodal_decomp_06_2025//NMG_Python_20_dt_5.50e-06_Nx_128_periodic_dtout_2075p,374874.0,4.764017105102539,586701_13,75p,rivanna_extrap
406,06/27/2025 14:37:18,Python,NMG,256,0.007504684956431,5.5e-06,1e-05,2000,10000.0,20,False,neumann,/project/g_bme-janeslab/SarahG/spinodal_decomp_06_2025//NMG_Python_20_dt_5.50e-06_Nx_256_neumann_dtout_2025p,686229.0,7.015292167663574,586701_86,25p,rivanna_extrap
415,06/27/2025 14:34:24,Python,NMG,256,0.007504684956431,5.5e-06,1e-05,2000,10000.0,20,False,neumann,/project/g_bme-janeslab/SarahG/spinodal_decomp_06_2025//NMG_Python_20_dt_5.50e-06_Nx_256_neumann_dtout_2050p,778410.0,7.010947227478027,586701_54,50p,rivanna_extrap
413,06/27/2025 14:34:13,Python,NMG,256,0.007504684956431,5.5e-06,1e-05,2000,10000.0,20,False,neumann,/project/g_bme-janeslab/SarahG/spinodal_decomp_06_2025//NMG_Python_20_dt_5.50e-06_Nx_256_neumann_dtout_2075p,728140.0,7.011330604553223,586701_22,75p,rivanna_extrap
410,06/27/2025 14:37:18,Python,NMG,256,0.007504684956431,5.5e-06,1e-05,2000,10000.0,20,False,periodic,/project/g_bme-janeslab/SarahG/spinodal_decomp_06_2025//NMG_Python_20_dt_5.50e-06_Nx_256_periodic_dtout_2025p,696935.0,7.0147199630737305,586701_85,25p,rivanna_extrap
409,06/27/2025 14:34:13,Python,NMG,256,0.007504684956431,5.5e-06,1e-05,2000,10000.0,20,False,periodic,/project/g_bme-janeslab/SarahG/spinodal_decomp_06_2025//NMG_Python_20_dt_5.50e-06_Nx_256_periodic_dtout_2050p,712969.0,7.01069450378418,586701_53,50p,rivanna_extrap
407,06/27/2025 14:34:13,Python,NMG,256,0.007504684956431,5.5e-06,1e-05,2000,10000.0,20,False,periodic,/project/g_bme-janeslab/SarahG/spinodal_decomp_06_2025//NMG_Python_20_dt_5.50e-06_Nx_256_periodic_dtout_2075p,708362.0,7.01146125793457,586701_21,75p,rivanna_extrap
422,06/27/2025 14:38:07,Python,NMG,512,0.0037523424782155,5.5e-06,1e-05,2000,10000.0,20,False,neumann,/project/g_bme-janeslab/SarahG/spinodal_decomp_06_2025//NMG_Python_20_dt_5.50e-06_Nx_512_neumann_dtout_2025p,2654212.0,26.01514434814453,586701_94,25p,rivanna_extrap
425,06/27/2025 14:34:47,Python,NMG,512,0.0037523424782155,5.5e-06,1e-05,2000,10000.0,20,False,neumann,/project/g_bme-janeslab/SarahG/spinodal_decomp_06_2025//NMG_Python_20_dt_5.50e-06_Nx_512_neumann_dtout_2050p,2852060.0,26.013347625732425,586701_62,50p,rivanna_extrap
417,06/27/2025 14:34:13,Python,NMG,512,0.0037523424782155,5.5e-06,1e-05,2000,10000.0,20,False,neumann,/project/g_bme-janeslab/SarahG/spinodal_decomp_06_2025//NMG_Python_20_dt_5.50e-06_Nx_512_neumann_dtout_2075p,2553572.0,26.013291358947757,586701_30,75p,rivanna_extrap
419,06/27/2025 14:38:07,Python,NMG,512,0.0037523424782155,5.5e-06,1e-05,2000,10000.0,20,False,periodic,/project/g_bme-janeslab/SarahG/spinodal_decomp_06_2025//NMG_Python_20_dt_5.50e-06_Nx_512_periodic_dtout_2025p,2542430.0,26.016040802001957,586701_93,25p,rivanna_extrap
426,06/27/2025 14:34:47,Python,NMG,512,0.0037523424782155,5.5e-06,1e-05,2000,10000.0,20,False,periodic,/project/g_bme-janeslab/SarahG/spinodal_decomp_06_2025//NMG_Python_20_dt_5.50e-06_Nx_512_periodic_dtout_2050p,2913048.0,26.01379680633545,586701_61,50p,rivanna_extrap
418,06/27/2025 14:34:13,Python,NMG,512,0.0037523424782155,5.5e-06,1e-05,2000,10000.0,20,False,periodic,/project/g_bme-janeslab/SarahG/spinodal_decomp_06_2025//NMG_Python_20_dt_5.50e-06_Nx_512_periodic_dtout_2075p,2560069.0,26.0121431350708,586701_29,75p,rivanna_extrap
375,07/01/2025 15:14:47,Julia,SAV,64,0.0300187398257242,5.5e-06,,2000,,2000,False,neumann,/project/g_bme-janeslab/SarahG/spinodal_decomp_06_2025/out_julia/SAV_Julia_2000_dt_5.50e-06_Nx_64_neumann_dtout_200025p_,22.786798734,39556.007593,684313_6,25p,rivanna
373,07/01/2025 15:10:45,Julia,SAV,64,0.0300187398257242,5.5e-06,,2000,,2000,False,neumann,/project/g_bme-janeslab/SarahG/spinodal_decomp_06_2025/out_julia/SAV_Julia_2000_dt_5.50e-06_Nx_64_neumann_dtout_200050p_,16.314670403,39556.005801,684313_4,50p,rivanna
247,06/23/2025 12:15:54,Julia,SAV,64,0.0300187398257242,5.5e-06,,2000,,2000,False,neumann,/project/g_bme-janeslab/SarahG/spinodal_decomp_06_2025/out_julia/SAV_Julia_2000_dt_5.50e-06_Nx_64_neumann_dtout_200075p_,21.131957769,39556.002089,395375_8,75p,rivanna
338,06/23/2025 15:54:58,Julia,SAV,64,0.0300187398257242,5.5e-06,,2000,,2000,False,periodic,/project/g_bme-janeslab/SarahG/spinodal_decomp_06_2025/out_julia/SAV_Julia_2000_dt_5.50e-06_Nx_64_periodic_dtout_200025p_,9.790583364,10192.587225,403752_71,25p,rivanna
325,06/23/2025 15:44:04,Julia,SAV,64,0.0300187398257242,5.5e-06,,2000,,2000,False,periodic,/project/g_bme-janeslab/SarahG/spinodal_decomp_06_2025/out_julia/SAV_Julia_2000_dt_5.50e-06_Nx_64_periodic_dtout_200050p_,8.436268755,10192.585497,403752_39,50p,rivanna
316,06/23/2025 15:38:03,Julia,SAV,64,0.0300187398257242,5.5e-06,,2000,,2000,False,periodic,/project/g_bme-janeslab/SarahG/spinodal_decomp_06_2025/out_julia/SAV_Julia_2000_dt_5.50e-06_Nx_64_periodic_dtout_200075p_,8.648937618,10192.581785,403752_7,75p,rivanna
274,06/23/2025 12:24:42,Julia,SAV,128,0.0150093699128621,5.5e-06,,2000,,2000,False,neumann,/project/g_bme-janeslab/SarahG/spinodal_decomp_06_2025/out_julia/SAV_Julia_2000_dt_5.50e-06_Nx_128_neumann_dtout_200025p_,85.296993244,156955.978057,395375_80,25p,rivanna
271,06/23/2025 12:24:08,Julia,SAV,128,0.0150093699128621,5.5e-06,,2000,,2000,False,neumann,/project/g_bme-janeslab/SarahG/spinodal_decomp_06_2025/out_julia/SAV_Julia_2000_dt_5.50e-06_Nx_128_neumann_dtout_200050p_,88.435743133,156955.971017,395375_48,50p,rivanna
251,06/23/2025 12:18:47,Julia,SAV,128,0.0150093699128621,5.5e-06,,2000,,2000,False,neumann,/project/g_bme-janeslab/SarahG/spinodal_decomp_06_2025/out_julia/SAV_Julia_2000_dt_5.50e-06_Nx_128_neumann_dtout_200075p_,99.667981403,156955.952137,395375_16,75p,rivanna
340,06/23/2025 15:55:30,Julia,SAV,128,0.0150093699128621,5.5e-06,,2000,,2000,False,periodic,/project/g_bme-janeslab/SarahG/spinodal_decomp_06_2025/out_julia/SAV_Julia_2000_dt_5.50e-06_Nx_128_periodic_dtout_200025p_,23.637766153,39502.622201,403752_79,25p,rivanna
328,06/23/2025 15:46:59,Julia,SAV,128,0.0150093699128621,5.5e-06,,2000,,2000,False,periodic,/project/g_bme-janeslab/SarahG/spinodal_decomp_06_2025/out_julia/SAV_Julia_2000_dt_5.50e-06_Nx_128_periodic_dtout_200050p_,23.119640772,39502.614457,403752_47,50p,rivanna
318,06/23/2025 15:41:05,Julia,SAV,128,0.0150093699128621,5.5e-06,,2000,,2000,False,periodic,/project/g_bme-janeslab/SarahG/spinodal_decomp_06_2025/out_julia/SAV_Julia_2000_dt_5.50e-06_Nx_128_periodic_dtout_200075p_,21.617433602,39502.595449,403752_15,75p,rivanna
376,07/01/2025 15:14:46,Julia,SAV,256,0.007504684956431,5.5e-06,,2000,,2000,False,neumann,/project/g_bme-janeslab/SarahG/spinodal_decomp_06_2025/out_julia/SAV_Julia_2000_dt_5.50e-06_Nx_256_neumann_dtout_200025p_,360.832389937,626555.808393,684313_9,25p,rivanna
287,06/23/2025 12:24:08,Julia,SAV,256,0.007504684956431,5.5e-06,,2000,,2000,False,neumann,/project/g_bme-janeslab/SarahG/spinodal_decomp_06_2025/out_julia/SAV_Julia_2000_dt_5.50e-06_Nx_256_neumann_dtout_200050p_,409.414697606,626555.817417,395375_56,50p,rivanna
282,06/23/2025 12:20:13,Julia,SAV,256,0.007504684956431,5.5e-06,,2000,,2000,False,neumann,/project/g_bme-janeslab/SarahG/spinodal_decomp_06_2025/out_julia/SAV_Julia_2000_dt_5.50e-06_Nx_256_neumann_dtout_200075p_,420.208441929,626555.705097,395375_24,75p,rivanna
273,06/23/2025 12:24:42,Julia,SAV,256,0.007504684956431,5.5e-06,,2000,,2000,False,periodic,/project/g_bme-janeslab/SarahG/spinodal_decomp_06_2025/out_julia/SAV_Julia_2000_dt_5.50e-06_Nx_256_periodic_dtout_200025p_,82.474971646,156742.739385,395375_87,25p,rivanna
334,06/23/2025 15:49:58,Julia,SAV,256,0.007504684956431,5.5e-06,,2000,,2000,False,periodic,/project/g_bme-janeslab/SarahG/spinodal_decomp_06_2025/out_julia/SAV_Julia_2000_dt_5.50e-06_Nx_256_periodic_dtout_200050p_,106.996732117,156742.750457,403752_55,50p,rivanna
319,06/23/2025 15:41:05,Julia,SAV,256,0.007504684956431,5.5e-06,,2000,,2000,False,periodic,/project/g_bme-janeslab/SarahG/spinodal_decomp_06_2025/out_julia/SAV_Julia_2000_dt_5.50e-06_Nx_256_periodic_dtout_200075p_,88.63731775,156742.637881,403752_23,75p,rivanna
365,06/24/2025 17:24:24,Julia,SAV,512,0.0037523424782155,5.5e-06,,2000,,2000,False,neumann,/project/g_bme-janeslab/SarahG/spinodal_decomp_06_2025/out_julia/SAV_Julia_2000_dt_5.50e-06_Nx_512_neumann_dtout_200025p_,1518.363409367,2504955.036937,460784_4,25p,rivanna
368,06/24/2025 17:50:38,Julia,SAV,512,0.0037523424782155,5.5e-06,,2000,,2000,False,neumann,/project/g_bme-janeslab/SarahG/spinodal_decomp_06_2025/out_julia/SAV_Julia_2000_dt_5.50e-06_Nx_512_neumann_dtout_200050p_,1533.125531141,2504955.051273,460784_8,50p,rivanna
366,06/24/2025 17:29:07,Julia,SAV,512,0.0037523424782155,5.5e-06,,2000,,2000,False,neumann,/project/g_bme-janeslab/SarahG/spinodal_decomp_06_2025/out_julia/SAV_Julia_2000_dt_5.50e-06_Nx_512_neumann_dtout_200075p_,1523.935151038,2504954.636041,460784_6,75p,rivanna
347,06/23/2025 16:00:07,Julia,SAV,512,0.0037523424782155,5.5e-06,,2000,,2000,False,periodic,/project/g_bme-janeslab/SarahG/spinodal_decomp_06_2025/out_julia/SAV_Julia_2000_dt_5.50e-06_Nx_512_periodic_dtout_200025p_,414.352661384,625703.192569,403752_95,25p,rivanna
345,06/23/2025 15:52:20,Julia,SAV,512,0.0037523424782155,5.5e-06,,2000,,2000,False,periodic,/project/g_bme-janeslab/SarahG/spinodal_decomp_06_2025/out_julia/SAV_Julia_2000_dt_5.50e-06_Nx_512_periodic_dtout_200050p_,555.341873817,625703.207737,403752_63,50p,rivanna
330,06/23/2025 15:41:56,Julia,SAV,512,0.0037523424782155,5.5e-06,,2000,,2000,False,periodic,/project/g_bme-janeslab/SarahG/spinodal_decomp_06_2025/out_julia/SAV_Julia_2000_dt_5.50e-06_Nx_512_periodic_dtout_200075p_,379.172586472,625702.791225,403752_31,75p,rivanna
142,23-Jun-2025 12:32:01,MATLAB,SAV,64,0.030019,5.5e-06,,2000,,2000,False,neumann,/project/g_bme-janeslab/SarahG/spinodal_decomp_06_2025/out_MATLAB/SAV_MATLAB_2000_dt_5.50e-06_Nx_64_neumann_n_relax_425p_,10.8251,,396049_72,25p,rivanna
112,23-Jun-2025 12:28:31,MATLAB,SAV,64,0.030019,5.5e-06,,2000,,2000,False,neumann,/project/g_bme-janeslab/SarahG/spinodal_decomp_06_2025/out_MATLAB/SAV_MATLAB_2000_dt_5.50e-06_Nx_64_neumann_n_relax_450p_,7.5411,,396049_40,50p,rivanna
97,23-Jun-2025 12:25:48,MATLAB,SAV,64,0.030019,5.5e-06,,2000,,2000,False,neumann,/project/g_bme-janeslab/SarahG/spinodal_decomp_06_2025/out_MATLAB/SAV_MATLAB_2000_dt_5.50e-06_Nx_64_neumann_n_relax_475p_,8.1194,,396049_8,75p,rivanna
205,23-Jun-2025 15:27:46,MATLAB,SAV,64,0.030019,5.5e-06,,2000,,2000,False,periodic,/project/g_bme-janeslab/SarahG/spinodal_decomp_06_2025/out_MATLAB/SAV_MATLAB_2000_dt_5.50e-06_Nx_64_periodic_n_relax_425p_,5.4407,,403170_71,25p,rivanna
195,23-Jun-2025 15:24:57,MATLAB,SAV,64,0.030019,5.5e-06,,2000,,2000,False,periodic,/project/g_bme-janeslab/SarahG/spinodal_decomp_06_2025/out_MATLAB/SAV_MATLAB_2000_dt_5.50e-06_Nx_64_periodic_n_relax_450p_,4.3849,,403170_39,50p,rivanna
192,23-Jun-2025 15:24:39,MATLAB,SAV,64,0.030019,5.5e-06,,2000,,2000,False,periodic,/project/g_bme-janeslab/SarahG/spinodal_decomp_06_2025/out_MATLAB/SAV_MATLAB_2000_dt_5.50e-06_Nx_64_periodic_n_relax_475p_,5.0764,,403170_7,75p,rivanna
152,23-Jun-2025 12:35:15,MATLAB,SAV,128,0.015009,5.5e-06,,2000,,2000,False,neumann,/project/g_bme-janeslab/SarahG/spinodal_decomp_06_2025/out_MATLAB/SAV_MATLAB_2000_dt_5.50e-06_Nx_128_neumann_n_relax_425p_,27.6939,,396049_80,25p,rivanna
116,23-Jun-2025 12:28:43,MATLAB,SAV,128,0.015009,5.5e-06,,2000,,2000,False,neumann,/project/g_bme-janeslab/SarahG/spinodal_decomp_06_2025/out_MATLAB/SAV_MATLAB_2000_dt_5.50e-06_Nx_128_neumann_n_relax_450p_,18.0741,,396049_48,50p,rivanna
100,23-Jun-2025 12:26:03,MATLAB,SAV,128,0.015009,5.5e-06,,2000,,2000,False,neumann,/project/g_bme-janeslab/SarahG/spinodal_decomp_06_2025/out_MATLAB/SAV_MATLAB_2000_dt_5.50e-06_Nx_128_neumann_n_relax_475p_,17.6266,,396049_16,75p,rivanna
208,23-Jun-2025 15:28:19,MATLAB,SAV,128,0.015009,5.5e-06,,2000,,2000,False,periodic,/project/g_bme-janeslab/SarahG/spinodal_decomp_06_2025/out_MATLAB/SAV_MATLAB_2000_dt_5.50e-06_Nx_128_periodic_n_relax_425p_,11.5797,,403170_79,25p,rivanna
197,23-Jun-2025 15:25:49,MATLAB,SAV,128,0.015009,5.5e-06,,2000,,2000,False,periodic,/project/g_bme-janeslab/SarahG/spinodal_decomp_06_2025/out_MATLAB/SAV_MATLAB_2000_dt_5.50e-06_Nx_128_periodic_n_relax_450p_,14.851,,403170_47,50p,rivanna
193,23-Jun-2025 15:24:39,MATLAB,SAV,128,0.015009,5.5e-06,,2000,,2000,False,periodic,/project/g_bme-janeslab/SarahG/spinodal_decomp_06_2025/out_MATLAB/SAV_MATLAB_2000_dt_5.50e-06_Nx_128_periodic_n_relax_475p_,17.2923,,403170_15,75p,rivanna
156,23-Jun-2025 12:38:35,MATLAB,SAV,256,0.0075047,5.5e-06,,2000,,2000,False,neumann,/project/g_bme-janeslab/SarahG/spinodal_decomp_06_2025/out_MATLAB/SAV_MATLAB_2000_dt_5.50e-06_Nx_256_neumann_n_relax_425p_,83.1519,,396049_88,25p,rivanna
121,23-Jun-2025 12:29:16,MATLAB,SAV,256,0.0075047,5.5e-06,,2000,,2000,False,neumann,/project/g_bme-janeslab/SarahG/spinodal_decomp_06_2025/out_MATLAB/SAV_MATLAB_2000_dt_5.50e-06_Nx_256_neumann_n_relax_450p_,50.6939,,396049_56,50p,rivanna
104,23-Jun-2025 12:26:38,MATLAB,SAV,256,0.0075047,5.5e-06,,2000,,2000,False,neumann,/project/g_bme-janeslab/SarahG/spinodal_decomp_06_2025/out_MATLAB/SAV_MATLAB_2000_dt_5.50e-06_Nx_256_neumann_n_relax_475p_,50.7101,,396049_24,75p,rivanna
213,23-Jun-2025 15:29:58,MATLAB,SAV,256,0.0075047,5.5e-06,,2000,,2000,False,periodic,/project/g_bme-janeslab/SarahG/spinodal_decomp_06_2025/out_MATLAB/SAV_MATLAB_2000_dt_5.50e-06_Nx_256_periodic_n_relax_425p_,27.537,,403170_87,25p,rivanna
201,23-Jun-2025 15:26:42,MATLAB,SAV,256,0.0075047,5.5e-06,,2000,,2000,False,periodic,/project/g_bme-janeslab/SarahG/spinodal_decomp_06_2025/out_MATLAB/SAV_MATLAB_2000_dt_5.50e-06_Nx_256_periodic_n_relax_450p_,30.3381,,403170_55,50p,rivanna
194,23-Jun-2025 15:24:52,MATLAB,SAV,256,0.0075047,5.5e-06,,2000,,2000,False,periodic,/project/g_bme-janeslab/SarahG/spinodal_decomp_06_2025/out_MATLAB/SAV_MATLAB_2000_dt_5.50e-06_Nx_256_periodic_n_relax_475p_,27.5261,,403170_23,75p,rivanna
170,23-Jun-2025 12:44:50,MATLAB,SAV,512,0.0037523,5.5e-06,,2000,,2000,False,neumann,/project/g_bme-janeslab/SarahG/spinodal_decomp_06_2025/out_MATLAB/SAV_MATLAB_2000_dt_5.50e-06_Nx_512_neumann_n_relax_425p_,256.7646,,396049_96,25p,rivanna
137,23-Jun-2025 12:31:36,MATLAB,SAV,512,0.0037523,5.5e-06,,2000,,2000,False,neumann,/project/g_bme-janeslab/SarahG/spinodal_decomp_06_2025/out_MATLAB/SAV_MATLAB_2000_dt_5.50e-06_Nx_512_neumann_n_relax_450p_,192.929,,396049_64,50p,rivanna
138,23-Jun-2025 12:31:38,MATLAB,SAV,512,0.0037523,5.5e-06,,2000,,2000,False,neumann,/project/g_bme-janeslab/SarahG/spinodal_decomp_06_2025/out_MATLAB/SAV_MATLAB_2000_dt_5.50e-06_Nx_512_neumann_n_relax_475p_,272.3111,,396049_32,75p,rivanna
219,23-Jun-2025 15:32:08,MATLAB,SAV,512,0.0037523,5.5e-06,,2000,,2000,False,periodic,/project/g_bme-janeslab/SarahG/spinodal_decomp_06_2025/out_MATLAB/SAV_MATLAB_2000_dt_5.50e-06_Nx_512_periodic_n_relax_425p_,118.1925,,403170_95,25p,rivanna
211,23-Jun-2025 15:29:04,MATLAB,SAV,512,0.0037523,5.5e-06,,2000,,2000,False,periodic,/project/g_bme-janeslab/SarahG/spinodal_decomp_06_2025/out_MATLAB/SAV_MATLAB_2000_dt_5.50e-06_Nx_512_periodic_n_relax_450p_,93.8413,,403170_63,50p,rivanna
202,23-Jun-2025 15:26:44,MATLAB,SAV,512,0.0037523,5.5e-06,,2000,,2000,False,periodic,/project/g_bme-janeslab/SarahG/spinodal_decomp_06_2025/out_MATLAB/SAV_MATLAB_2000_dt_5.50e-06_Nx_512_periodic_n_relax_475p_,101.6579,,403170_31,75p,rivanna
78,07/01/2025 14:32:32,Python,SAV,64,0.0300187398257242,5.5e-06,,2000,,2000,False,neumann,/project/g_bme-janeslab/SarahG/spinodal_decomp_06_2025//SAV_Python_2000_dt_5.50e-06_Nx_64_neumann_dtout_200025p,13.19140911102295,5.453024864196777,678027_72,25p,rivanna
64,07/01/2025 14:06:40,Python,SAV,64,0.0300187398257242,5.5e-06,,2000,,2000,False,neumann,/project/g_bme-janeslab/SarahG/spinodal_decomp_06_2025//SAV_Python_2000_dt_5.50e-06_Nx_64_neumann_dtout_200050p,13.210806131362917,5.453165054321289,678027_40,50p,rivanna
51,07/01/2025 13:32:55,Python,SAV,64,0.0300187398257242,5.5e-06,,2000,,2000,False,neumann,/project/g_bme-janeslab/SarahG/spinodal_decomp_06_2025//SAV_Python_2000_dt_5.50e-06_Nx_64_neumann_dtout_200075p,13.259649276733398,5.453586578369141,678027_8,75p,rivanna
76,07/01/2025 14:32:32,Python,SAV,64,0.0300187398257242,5.5e-06,,2000,,2000,False,periodic,/project/g_bme-janeslab/SarahG/spinodal_decomp_06_2025//SAV_Python_2000_dt_5.50e-06_Nx_64_periodic_dtout_200025p,4.36881160736084,4.417651176452637,678027_71,25p,rivanna
63,07/01/2025 14:05:30,Python,SAV,64,0.0300187398257242,5.5e-06,,2000,,2000,False,periodic,/project/g_bme-janeslab/SarahG/spinodal_decomp_06_2025//SAV_Python_2000_dt_5.50e-06_Nx_64_periodic_dtout_200050p,4.38532304763794,4.417790412902832,678027_39,50p,rivanna
50,07/01/2025 13:31:51,Python,SAV,64,0.0300187398257242,5.5e-06,,2000,,2000,False,periodic,/project/g_bme-janeslab/SarahG/spinodal_decomp_06_2025//SAV_Python_2000_dt_5.50e-06_Nx_64_periodic_dtout_200075p,4.5292394161224365,4.418161392211914,678027_7,75p,rivanna
81,07/01/2025 14:34:04,Python,SAV,128,0.0150093699128621,5.5e-06,,2000,,2000,False,neumann,/project/g_bme-janeslab/SarahG/spinodal_decomp_06_2025//SAV_Python_2000_dt_5.50e-06_Nx_128_neumann_dtout_200025p,59.865691900253296,21.56132984161377,678027_80,25p,rivanna
68,07/01/2025 14:11:18,Python,SAV,128,0.0150093699128621,5.5e-06,,2000,,2000,False,neumann,/project/g_bme-janeslab/SarahG/spinodal_decomp_06_2025//SAV_Python_2000_dt_5.50e-06_Nx_128_neumann_dtout_200050p,60.27601337432861,21.56223964691162,678027_48,50p,rivanna
55,07/01/2025 13:40:20,Python,SAV,128,0.0150093699128621,5.5e-06,,2000,,2000,False,neumann,/project/g_bme-janeslab/SarahG/spinodal_decomp_06_2025//SAV_Python_2000_dt_5.50e-06_Nx_128_neumann_dtout_200075p,60.13895273208618,21.56021785736084,678027_16,75p,rivanna
79,07/01/2025 14:33:11,Python,SAV,128,0.0150093699128621,5.5e-06,,2000,,2000,False,periodic,/project/g_bme-janeslab/SarahG/spinodal_decomp_06_2025//SAV_Python_2000_dt_5.50e-06_Nx_128_periodic_dtout_200025p,13.76268982887268,5.452816009521484,678027_79,25p,rivanna
67,07/01/2025 14:11:17,Python,SAV,128,0.0150093699128621,5.5e-06,,2000,,2000,False,periodic,/project/g_bme-janeslab/SarahG/spinodal_decomp_06_2025//SAV_Python_2000_dt_5.50e-06_Nx_128_periodic_dtout_200050p,13.806239128112791,5.452859878540039,678027_47,50p,rivanna
54,07/01/2025 13:38:28,Python,SAV,128,0.0150093699128621,5.5e-06,,2000,,2000,False,periodic,/project/g_bme-janeslab/SarahG/spinodal_decomp_06_2025//SAV_Python_2000_dt_5.50e-06_Nx_128_periodic_dtout_200075p,13.97544550895691,5.453398704528809,678027_15,75p,rivanna
85,07/01/2025 14:35:55,Python,SAV,256,0.007504684956431,5.5e-06,,2000,,2000,False,neumann,/project/g_bme-janeslab/SarahG/spinodal_decomp_06_2025//SAV_Python_2000_dt_5.50e-06_Nx_256_neumann_dtout_200025p,304.6573839187622,86.0795431137085,678027_88,25p,rivanna
70,07/01/2025 14:13:22,Python,SAV,256,0.007504684956431,5.5e-06,,2000,,2000,False,neumann,/project/g_bme-janeslab/SarahG/spinodal_decomp_06_2025//SAV_Python_2000_dt_5.50e-06_Nx_256_neumann_dtout_200050p,311.2727100849152,86.08282852172852,678027_56,50p,rivanna
58,07/01/2025 13:53:13,Python,SAV,256,0.007504684956431,5.5e-06,,2000,,2000,False,neumann,/project/g_bme-janeslab/SarahG/spinodal_decomp_06_2025//SAV_Python_2000_dt_5.50e-06_Nx_256_neumann_dtout_200075p,310.0967309474945,86.08004856109619,678027_24,75p,rivanna
84,07/01/2025 14:35:55,Python,SAV,256,0.007504684956431,5.5e-06,,2000,,2000,False,periodic,/project/g_bme-janeslab/SarahG/spinodal_decomp_06_2025//SAV_Python_2000_dt_5.50e-06_Nx_256_periodic_dtout_200025p,62.23850464820862,21.56439971923828,678027_87,25p,rivanna
69,07/01/2025 14:13:22,Python,SAV,256,0.007504684956431,5.5e-06,,2000,,2000,False,periodic,/project/g_bme-janeslab/SarahG/spinodal_decomp_06_2025//SAV_Python_2000_dt_5.50e-06_Nx_256_periodic_dtout_200050p,62.66833972930908,21.562832832336422,678027_55,50p,rivanna
56,07/01/2025 13:51:44,Python,SAV,256,0.007504684956431,5.5e-06,,2000,,2000,False,periodic,/project/g_bme-janeslab/SarahG/spinodal_decomp_06_2025//SAV_Python_2000_dt_5.50e-06_Nx_256_periodic_dtout_200075p,62.409751176834106,21.563237190246586,678027_23,75p,rivanna
92,07/01/2025 14:43:28,Python,SAV,512,0.0037523424782155,5.5e-06,,2000,,2000,False,neumann,/project/g_bme-janeslab/SarahG/spinodal_decomp_06_2025//SAV_Python_2000_dt_5.50e-06_Nx_512_neumann_dtout_200025p,1486.997710943222,344.1082363128662,678027_96,25p,rivanna
90,07/01/2025 14:28:58,Python,SAV,512,0.0037523424782155,5.5e-06,,2000,,2000,False,neumann,/project/g_bme-janeslab/SarahG/spinodal_decomp_06_2025//SAV_Python_2000_dt_5.50e-06_Nx_512_neumann_dtout_200050p,1478.1874930858612,344.1134424209595,678027_64,50p,rivanna
72,07/01/2025 13:59:31,Python,SAV,512,0.0037523424782155,5.5e-06,,2000,,2000,False,neumann,/project/g_bme-janeslab/SarahG/spinodal_decomp_06_2025//SAV_Python_2000_dt_5.50e-06_Nx_512_neumann_dtout_200075p,1434.7079393863678,344.108943939209,678027_32,75p,rivanna
88,07/01/2025 14:43:28,Python,SAV,512,0.0037523424782155,5.5e-06,,2000,,2000,False,periodic,/project/g_bme-janeslab/SarahG/spinodal_decomp_06_2025//SAV_Python_2000_dt_5.50e-06_Nx_512_periodic_dtout_200025p,318.8002359867096,86.07550716400146,678027_95,25p,rivanna
80,07/01/2025 14:28:58,Python,SAV,512,0.0037523424782155,5.5e-06,,2000,,2000,False,periodic,/project/g_bme-janeslab/SarahG/spinodal_decomp_06_2025//SAV_Python_2000_dt_5.50e-06_Nx_512_periodic_dtout_200050p,316.0043740272522,86.07555770874023,678027_63,50p,rivanna
62,07/01/2025 13:59:31,Python,SAV,512,0.0037523424782155,5.5e-06,,2000,,2000,False,periodic,/project/g_bme-janeslab/SarahG/spinodal_decomp_06_2025//SAV_Python_2000_dt_5.50e-06_Nx_512_periodic_dtout_200075p,323.18658351898193,86.07581043243408,678027_31,75p,rivanna
